category,asin,description,ean,mpn,brand,upc,sold_items,url,sold,ebayID,price
,,,,,,,7,http://www.ebay.com/itm/Halloween-LED-Lantern-Spooky-Spiders-Creepy-House-Hanging-Outdoor-Decoration-NEW/112543646129?hash=item1a341fc1b1%3Ag%3APuUAAOSwrzdZpHyS,4 ,112543646129,18.82
,,,,,,,0,http://www.ebay.com/itm/Fireplace-Mantle-Scarf-Black-Lace-Spiderweb-Design-Halloween-Home-Party-Decor/253015849065?epid=5006211497&hash=item3ae8eb7869%3Ag%3AcccAAOSwbiFZUznb,10 ,253015849065,12.23
,,,,,,Does not apply,0,http://www.ebay.com/itm/24-BLACK-WIDOW-Spider-Scary-Halloween-Decoration-Prop/231332457945?hash=item35dc7d2dd9%3Ag%3AjDwAAOSwmLlX9ZH6,11 ,24,8.49
,,,,,,721773754333,0,http://www.ebay.com/itm/2-PACK-Giant-Skeleton-Window-Poster-Halloween-Haunted-House-Decor-30-x-48/351705728372?epid=1542205925&hash=item51e34b8574%3Ag%3AWDcAAOSw-CpX9ZRn,11 ,2,5.91
,,,,,,Does not apply,1,http://www.ebay.com/itm/New-Halloween-Outdoor-Leaf-Decoration-Ghosts-Small-Large-Spider-free-shipping/121852768973?epid=1762018698&hash=item1c5efdb2cd%3Ag%3AgX0AAOSwmLlYAsIQ,11 ,121852768973,6.90
,,,,,,,20,http://www.ebay.com/itm/GIANT-20-FT-HANGING-PLASTIC-SPIDER-HALLOWEEN-PARTY-DECORATIONS-CEILING-PROP/371726214321?epid=691446971&hash=item568c9be4b1%3Ag%3AW0kAAOSw0GJZpfLg,4 ,371726214321,5.25
,,,,,,,8,http://www.ebay.com/itm/Halloween-Indoor-Outdoor-LED-Tree-4-Feet-Decorations/152695209288?hash=item238d57fd48%3Ag%3A-1cAAOSwtIBZsbLc,12 ,152695209288,31.99
,,,,,,Does not apply,5,http://www.ebay.com/itm/Animated-Halloween-Vulture-Prop-With-Sound-Motion-And-Light-Up-Eyes-Creepy-Rare/191959368468?hash=item2cb1ab8314%3Ag%3A9MMAAOSwec9ZsQDV,12 ,191959368468,22.99
,,,,,,885638815444,5,http://www.ebay.com/itm/2-Pieces-Zombie-Arm-Halloween-Animated-Prop-Decoration-For-Haunted-House-Hot/182754885921?hash=item2a8d0a4121%3Ag%3AFtwAAOSwKUhZs09V,3 ,2,9.19
,,,,,,Does Not Apply,0,http://www.ebay.com/itm/Halloween-Decoration-Prop-Party-Natural-Creepy-Cloth-Beige-Scary-Haunted-House/291565801387?epid=580885022&hash=item43e2ad0fab%3Ag%3Akk0AAOSwMmBV2QUO,126 ,291565801387,5.99
,,,,,,727371478053,11,http://www.ebay.com/itm/Halloween-Decor-Outdoor-Yard-Decoration-Prop-Graveyard-Lights-Spooky-Skull-Hand/222624940202?hash=item33d57b00aa%3Ag%3AUPUAAOSwmZFZobhj,14 ,222624940202,21.84
,,,,,,,15,http://www.ebay.com/itm/NEW-Halloween-Decoration-Black-Lace-Spiderweb-Fireplace-Mantle-Scarf-Cover-Party/172850545479?epid=0&hash=item283eb20347%3Ag%3ANlMAAOSw311ZrDKq,15 ,172850545479,12.99
,,,,,,3171993215881,16,http://www.ebay.com/itm/3-Ft-Halloween-Witch-Broom-Wooden-Outdoor-Yard-Home-Decor-Holiday-Decorations/122671670480?epid=2209699643&hash=item1c8fcd24d0%3Ag%3AF-UAAOSw1blZo-l-,16 ,3,20.85
,,,,,,Does not apply,2,http://www.ebay.com/itm/SET-OF-3-LIGHTED-WITCH-HAT-HANGING-TREE-OUTDOOR-HALLOWEEN-HOME-DECOR/132288830547?hash=item1ecd075c53%3Ag%3ARVIAAOSw8btZid5B,16 ,132288830547,13.75
,,,,,,,2,http://www.ebay.com/itm/8-ft-Halloween-sugar-skull-DAY-OF-THE-DEAD-DOOR-LIGHT-STRING-Party-Favor/112270086569?hash=item1a23d191a9%3Ag%3Ay7cAAOSwnHZYe8Vc,16 ,8,11.95
,,,,,,721773630569,1,http://www.ebay.com/itm/Group-of-Spooky-Witch-Halloween-Lawn-Props-Outdoor-Yard-Decoration-Scary-NEW/272403550988?epid=1502013914&hash=item3f6c84530c%3Ag%3AMfcAAOSwNRdX9mEB,16 ,272403550988,52.92
,,,,,,Does not apply,0,http://www.ebay.com/itm/Halloween-String-Lights-Ghosts-Color-Changing-Fun-Decoration-Christmas-Light-NEW/290788417501?hash=item43b4571fdd%3Ag%3Ar48AAOxyF81SBoQj,18 ,290788417501,9.99
,,,,,UNBRANDED,,,http://www.ebay.com/itm/LIFE-SIZE-CLIMBING-ZOMBIE-EASY-TO-HANG-INDOOR-OUTDOOR-HALLOWEEN-DECOR/232448943245?hash=item361f09648d%3Am%3Ameyy3Y6Py_6I-Fip-m9Ww6w&var=,32 ,232448943245,26.97
,,,,,,086786632840,,http://www.ebay.com/itm/Halloween-Gemmy-6-ft-Pirate-Ship-with-Ghost-Lights-Up-Airblown-Inflatable-NIB/400622282942?epid=1900975140&hash=item5d46f2e8be%3Ag%3AWgMAAMXQfvlSe8Wy,20 ,400622282942,79.99
,,,,STF-BY0358-2,,,20,http://www.ebay.com/itm/Halloween-Horror-Props-Lifesize-Bloody-Hand-Haunted-House-Party-Scary-Decoration/152700738227?epid=2237198659&hash=item238dac5ab3%3Ag%3AePAAAOSw311Zt4or,4 ,152700738227,12.82
,,,0783719898846,,,,0,http://www.ebay.com/itm/4-ft-Large-Huge-Black-Creepy-Cloth-Spider-Halloween-New/311748992917?epid=710146867&hash=item4895b01f95%3Ag%3AOUoAAOSwwvZZVpax,21 ,4,11.09
,,,,,,034689009092,0,http://www.ebay.com/itm/HALLOWEEN-Party-Prop-Decoration-Wall-INSTA-MURAL-Not-So-Spooky-WITCHS-BREW/141366146872?epid=1400128918&hash=item20ea143738%3Ag%3AodkAAOSwQItT3e5W,21 ,141366146872,8.49
,,,,,,034689158769,2,http://www.ebay.com/itm/HALLOWEEN-Party-Decoration-Fabric-FELT-STREAMER-Banner-TRICK-OR-TREAT-Spiderweb/141082537349?epid=0&hash=item20d92cad85%3Ag%3ASEEAAOxyWmxSUPFa,21 ,141082537349,6.95
,,,0812566022897,,,,5,http://www.ebay.com/itm/Skeleton-Halloween-Decoration-Scary-Grim-Reaper-Decor-Outdoor-Haunted-House-Prop/152272387607?epid=1772344515&hash=item2374243e17%3Ag%3ADDIAAOSw-CpX-gBv,22 ,152272387607,30.85
,,,,,,8157383137242,22,http://www.ebay.com/itm/Outdoor-Halloween-Tombstone-Decoration-Scary-Spooky-Haunted-House-Decor-4-Pack/332367752696?epid=2221936488&hash=item4d62a96df8%3Ag%3AgugAAOSwVgZZrBf4,24 ,332367752696,not_set
,,,,,,034689009986,1,http://www.ebay.com/itm/HALLOWEEN-Party-Decoration-Wall-Banner-Mural-Photo-Prop-Wicked-FLYING-WITCH/130970276076?epid=0&hash=item1e7e6fd0ec%3Ag%3AArIAAOxyvuVSEIIx,23 ,130970276076,6.57
,,,,,,Does not apply,0,http://www.ebay.com/itm/HALLOWEEN-FLAG-3X5-PUMPKINS-SPOOKY-3-X-5-NEW-HAUNTED-HOUSE-BLACK-CAT-BATS/310166197842?hash=item4837589652%3Ag%3A%7EjMAAOSwEppUOXgZ,23 ,310166197842,8.45
,,,,,,,,http://www.ebay.com/itm/Halloween-3-Pc-Door-Banner-Set-Triple-Lighted-Rattan-Pumpkins-Porch-Decoration/253097316106?hash=item3aedc68f0a%3Am%3AmG_2hSdXrzb-ty4tWLYyYIQ&var=,27 ,253097316106,27.47
,,,,,,886102868263,0,http://www.ebay.com/itm/HALLOWEEN-Party-Decoration-Prop-ZOMBIE-Walking-Dead-Window-BACKDROP-Mural-Banner/141391121342?hash=item20eb914bbe%3Ag%3A9HQAAOSwa%7EhZaCJb,236 ,141391121342,9.49
,,,,,,Does not apply,7,http://www.ebay.com/itm/Fake-Bloody-Arm-Scary-Halloween-Party-Decor-Adult-Decoration-Horror-Props-Zombie/232088314084?hash=item36098aa0e4%3Ag%3AER0AAOSwPCVX4Dsp,24 ,232088314084,6.99
,,,,,,887600062443,0,http://www.ebay.com/itm/NEW-Giant-10ft-Black-SPIDERWEB-Halloween-Party-Decorations/221843667926?epid=1008182464&hash=item33a6e9bbd6%3Ag%3AxMkAAOSwDk5T6Yr%7E,24 ,221843667926,15.99
,,,,,,876416050027,0,http://www.ebay.com/itm/HALLOWEEN-SCARY-RAT-MOUSE-PARTY-SEASONAL-PROP-DECOR-DECORATION/112083288136?hash=item1a18af4048%3Ag%3A4lMAAOSw2xRYhtgM,24 ,112083288136,5.99
,,,,,,,29,http://www.ebay.com/itm/INFLATABLE-PUMPKIN-REAPER-5-Ft-Life-Size-Light-Up-Outdoor-Halloween-Prop-Decor/122687363187?epid=1941975094&hash=item1c90bc9873%3Ag%3AlygAAOSw6btZsXSD,29 ,122687363187,37.55
,,,,,Amscan,,29,http://www.ebay.com/itm/Indoor-Home-Halloween-Decoration-Spooky-Decor-Prop-Trick-Or-Treat-Scene-Wall-Kit/263175467607?epid=1710425965&hash=item3d467af257%3Ag%3A3DkAAOSw5l5Zpffa,29 ,263175467607,13.72
,,,,,,887600062450,0,http://www.ebay.com/itm/HALLOWEEN-Party-Haunted-House-Decoration-Prop-Spooky-Fabric-HANGING-BATS/141351712338?epid=691229975&hash=item20e937f652%3Ag%3AQioAAOSwI%7EVTyaRg,297 ,141351712338,6.99
,,,,,,Does not apply,17,http://www.ebay.com/itm/3-PC-LIGHTED-EYES-REALISTIC-GARGOYLE-SET-OUTDOOR-LAWN-PORCH-HALLOWEEN-HOME-DECOR/142473087591?hash=item212c0eca67%3Ag%3ARKYAAOSw5JJZjZgU,31 ,3,13.75
,,,,,,400001549438,1,http://www.ebay.com/itm/NEW-Day-of-the-Dead-Wreath-Halloween-Decor/272402552536?hash=item3f6c7516d8%3Ag%3A7a4AAOSwPCVX9UhH,39 ,272402552536,19.95
,,,,,,Does not apply,4,http://www.ebay.com/itm/BLOODY-HALLOWEEN-LIGHT-UP-HAND-HAUNTED-HOUSE-FLICKERING-FINGERNAILS-PROP/192162764295?hash=item2cbdcb1607%3Ag%3AiOUAAOSwENxXnQ-o,42 ,192162764295,8.49
,,,,,,,37,http://www.ebay.com/itm/Skeleton-Restroom-Door-Cover-Halloween-Prop-Accessory-Decoration-Indoor-Outdoor/322693400964?hash=item4b22068984%3Ag%3Ab88AAOSwUkdZpbQ7,3 ,322693400964,7.76
,,,,,,Does not apply,,http://www.ebay.com/itm/Halloween-Deco-Mesh-BOO-Wreath-Ghost-Spider-Jack-O-Lantern-Pumpkin-Door-Decor/142088274441?hash=item21151f0209%3Ag%3AByAAAOSw7EJZg61c,45 ,142088274441,39.99
,,,,,,887600232860,0,http://www.ebay.com/itm/6-pc-Set-HALLOWEEN-Decor-Prop-Spooky-Sheer-Fabric-HANGING-GHOSTS-NEW/141893985472?hash=item21098a64c0%3Ag%3AkywAAMXQwwlSBBVQ,46 ,6,6.99
,,,,,,0792713132542,18,http://www.ebay.com/itm/Halloween-Witches-Hats-SET-OF-3-Hanging-String-Light-Yard-Outdoor-Decoration/263127316269?hash=item3d439c372d%3Ag%3AcooAAOSwr7tZhjfi,47 ,263127316269,19.89
,,,,,,,,http://www.ebay.com/itm/Pumpkin-Strobe-Light-Effect-3-Fast-Flashing-LEDs-Jack-O-Lantern-Halloween/281392245801?hash=item418448ec29%3Am%3AmpUeOZbOhP8xCxaBrulNIUg&var=,47 ,281392245801,6.25
,,,,,,,45,http://www.ebay.com/itm/2-GREY-SKELETON-BIRD-HALLOWEEN-PROP-SPOOKY-Posable-Home-Decor-FREE-SHIPPING/182755431897?epid=2196262668&hash=item2a8d1295d9%3Ag%3AhtoAAOSwhURZgYL6,10 ,2,9.99
,,,,,,Does not apply,,http://www.ebay.com/itm/90-BIG-GIANT-Huge-Hairy-Spider-Haunted-Mansion-Decoration-Halloween-Decor/231595539848?hash=item35ec2b7d88%3Am%3AmZkFz1lXzNXu1zlMPRIR0fA&var=,34 ,90,19.54
,,,,,,,,http://www.ebay.com/itm/NEW-6-5-Acrylic-Cat-Pumpkin-or-Ghost-Halloween-Night-Light-2303400/302080891225?hash=item46556c9959%3Am%3Amgysswz1F6pDBqKUVOxzlDQ&var=,17 ,302080891225,9.99
,,,,,,886102287095,0,http://www.ebay.com/itm/HALLOWEEN-Haunted-House-Party-Decoration-Prop-Dangling-SPIDER-CEILING-COVER/131850361485?epid=596075769&hash=item1eb2e4da8d%3Ag%3AazYAAOSwQItT3Blv,53 ,131850361485,6.69
,,,,,,6116620266154,,http://www.ebay.com/itm/30-Full-Body-Halloween-Skeleton-with-Movable-Joints-for-Halloween-Decoration/272796719693?epid=1486638360&hash=item3f83f39a4d%3Ag%3AjOkAAOSwi2lZig%7E%7E,56 ,30,15.99
,,,,,,034689001300,0,http://www.ebay.com/itm/New-Halloween-Jointed-Skeleton-Party-Haunted-House-Decoration-6-Feet-Tall-Props/222187544455?epid=665888832&hash=item33bb68df87%3Ag%3AlVMAAOSwnbZYC4T0,56 ,222187544455,12.19
,,,,,,887600038875,0,http://www.ebay.com/itm/3-pc-Set-HALLOWEEN-Party-Haunted-House-Decoration-Prop-Realistic-HAIRY-RATS/141713111164?hash=item20fec2787c%3Ag%3AtU4AAOxyyjpRuitq,56 ,3,15.99
,,,,,,721773352324,9,http://www.ebay.com/itm/Stay-Puft-Marshmallow-Man-Inflatable-Halloween-Yard-Decoration-Airblown-Outdoor/361533396086?hash=item542d11d476%3Ag%3A4x8AAOSwIcdZcQ3i,58 ,361533396086,107.19
,,,,,,889070140867,1,http://www.ebay.com/itm/HALLOWEEN-Party-Decoration-Prop-HAUNTED-STAIRWELL-Backdrop-Photo-Banner-3pc-set/131558566772?hash=item1ea1806b74%3Ag%3AD%7EoAAOSw%7EgRVqDsc,58 ,131558566772,19.95
,,,,,,Does not apply,2,http://www.ebay.com/itm/6-BIG-Black-Widow-Plastic-Rubber-Spider-Haunted-House-Halloween-Decoration/282032691129?epid=1192868470&hash=item41aa7557b9%3Ag%3AUmsAAOSw-CpX9ZQz,60 ,6,5.91
,,,,,,889070140874,3,http://www.ebay.com/itm/HALLOWEEN-Party-Decoration-Prop-HAUNTED-CEMETERY-Backdrop-Photo-Mural-Banner/131569387958?hash=item1ea22589b6%3Ag%3Az0oAAOSwT6pVvY9q,68 ,131569387958,19.99
,,,,,,886102084922,1,http://www.ebay.com/itm/HALLOWEEN-Decoration-Prop-CLAWING-ZOMBIE-GROUND-BREAKER-LED-Eyes-Sound/162121346165?hash=item25bf2f6c75%3Ag%3ARaoAAOSwiLdV-Oio,68 ,162121346165,39.95
,,,,,,,,http://www.ebay.com/itm/New-Halloween-Hanging-Ghost-Decoration-36-tall-Prop-Scary-Decor-creepy-haunted/263209676859?hash=item3d4884f03b%3Ag%3A7nYAAOSw1KNZu13N,3 ,263209676859,6.99
,,,,,,034689015161,1,http://www.ebay.com/itm/4-HALLOWEEN-Haunted-House-Party-Decoration-Graveyard-TOMBSTONE-PAPER-Cutouts-15/141406986437?epid=0&hash=item20ec8360c5%3Ag%3Ao6sAAOSw-jhUFdG8,72 ,4,5.49
,,,,,,Does not apply,,http://www.ebay.com/itm/HALLOWEEN-LIGHT-UP-DOUBLE-SIDED-FRAME-FLYING-WITCH-SCULPTURE-WINDOW-DECORATION/172304136453?hash=item281e207905%3Ag%3A%7E5kAAOSw6n5Xro2-,73 ,172304136453,6.99
,,,,,,734573100774,0,http://www.ebay.com/itm/Doily-6-Round-Set-Of-4-Spider-Web-Heritage-Lace-Halloween-Black/361070004089?epid=1001521709&hash=item5411730779%3Ag%3Ax6IAAOSwDk5T94TS,73 ,361070004089,7.90
,,,,,,Does not apply,5,http://www.ebay.com/itm/6-Black-Widow-Spider-Fake-Halloween-Big-Large-Web-Decor-Prop-Plastic-Rubber-NEW/301980687749?hash=item464f739d85%3Ag%3ALQkAAOSwxCxT4-8D,76 ,6,7.99
,,,,,,0742834460321,21,http://www.ebay.com/itm/Halloween-Hanging-Witch-Prop-Talking-Animated-6ft-Scary-Decoration-Spooky-Decor/252980408056?epid=1580775584&hash=item3ae6ceaef8%3Ag%3AlwAAAOSwh7tZuOEd,97 ,252980408056,56.95
category,asin,description,ean,mpn,brand,upc,sold_items,url,sold,ebayID,price
,,,,,,,7,http://www.ebay.com/itm/Halloween-LED-Lantern-Spooky-Spiders-Creepy-House-Hanging-Outdoor-Decoration-NEW/112543646129?hash=item1a341fc1b1%3Ag%3APuUAAOSwrzdZpHyS,4 ,112543646129,18.82
,,,,,,,0,http://www.ebay.com/itm/Fireplace-Mantle-Scarf-Black-Lace-Spiderweb-Design-Halloween-Home-Party-Decor/253015849065?epid=5006211497&hash=item3ae8eb7869%3Ag%3AcccAAOSwbiFZUznb,10 ,253015849065,12.23
,,,,,,Does not apply,0,http://www.ebay.com/itm/24-BLACK-WIDOW-Spider-Scary-Halloween-Decoration-Prop/231332457945?hash=item35dc7d2dd9%3Ag%3AjDwAAOSwmLlX9ZH6,11 ,24,8.49
,,,,,,721773754333,0,http://www.ebay.com/itm/2-PACK-Giant-Skeleton-Window-Poster-Halloween-Haunted-House-Decor-30-x-48/351705728372?epid=1542205925&hash=item51e34b8574%3Ag%3AWDcAAOSw-CpX9ZRn,11 ,2,5.91
,,,,,,Does not apply,1,http://www.ebay.com/itm/New-Halloween-Outdoor-Leaf-Decoration-Ghosts-Small-Large-Spider-free-shipping/121852768973?epid=1762018698&hash=item1c5efdb2cd%3Ag%3AgX0AAOSwmLlYAsIQ,11 ,121852768973,6.90
,,,,,,,20,http://www.ebay.com/itm/GIANT-20-FT-HANGING-PLASTIC-SPIDER-HALLOWEEN-PARTY-DECORATIONS-CEILING-PROP/371726214321?epid=691446971&hash=item568c9be4b1%3Ag%3AW0kAAOSw0GJZpfLg,115 ,371726214321,5.25
,,,,,,,8,http://www.ebay.com/itm/Halloween-Indoor-Outdoor-LED-Tree-4-Feet-Decorations/152695209288?hash=item238d57fd48%3Ag%3A-1cAAOSwtIBZsbLc,12 ,152695209288,31.99
,,,,,,Does not apply,6,http://www.ebay.com/itm/Animated-Halloween-Vulture-Prop-With-Sound-Motion-And-Light-Up-Eyes-Creepy-Rare/191959368468?hash=item2cb1ab8314%3Ag%3A9MMAAOSwec9ZsQDV,1 ,191959368468,22.99
category,asin,description,ean,mpn,brand,upc,sold_items,url,sold,ebayID,price
,,,,,,,0,http://www.ebay.com/itm/Fireplace-Mantle-Scarf-Black-Lace-Spiderweb-Design-Halloween-Home-Party-Decor/253015849065?epid=5006211497&hash=item3ae8eb7869%3Ag%3AcccAAOSwbiFZUznb,10 ,253015849065,12.23
,,,,,,,7,http://www.ebay.com/itm/Halloween-LED-Lantern-Spooky-Spiders-Creepy-House-Hanging-Outdoor-Decoration-NEW/112543646129?hash=item1a341fc1b1%3Ag%3APuUAAOSwrzdZpHyS,4 ,112543646129,18.82
,,,,,,Does not apply,0,http://www.ebay.com/itm/24-BLACK-WIDOW-Spider-Scary-Halloween-Decoration-Prop/231332457945?hash=item35dc7d2dd9%3Ag%3AjDwAAOSwmLlX9ZH6,11 ,24,8.49
,,,,,,721773754333,0,http://www.ebay.com/itm/2-PACK-Giant-Skeleton-Window-Poster-Halloween-Haunted-House-Decor-30-x-48/351705728372?epid=1542205925&hash=item51e34b8574%3Ag%3AWDcAAOSw-CpX9ZRn,11 ,2,5.91
,,,,,,Does not apply,1,http://www.ebay.com/itm/New-Halloween-Outdoor-Leaf-Decoration-Ghosts-Small-Large-Spider-free-shipping/121852768973?epid=1762018698&hash=item1c5efdb2cd%3Ag%3AgX0AAOSwmLlYAsIQ,11 ,121852768973,6.90
,,,,,,,20,http://www.ebay.com/itm/GIANT-20-FT-HANGING-PLASTIC-SPIDER-HALLOWEEN-PARTY-DECORATIONS-CEILING-PROP/371726214321?epid=691446971&hash=item568c9be4b1%3Ag%3AW0kAAOSw0GJZpfLg,3 ,371726214321,5.25
,,,,,,,8,http://www.ebay.com/itm/Halloween-Indoor-Outdoor-LED-Tree-4-Feet-Decorations/152695209288?hash=item238d57fd48%3Ag%3A-1cAAOSwtIBZsbLc,12 ,152695209288,31.99
,,,,,,Does not apply,6,http://www.ebay.com/itm/Animated-Halloween-Vulture-Prop-With-Sound-Motion-And-Light-Up-Eyes-Creepy-Rare/191959368468?hash=item2cb1ab8314%3Ag%3A9MMAAOSwec9ZsQDV,1 ,191959368468,22.99
,,,,,,Does Not Apply,0,http://www.ebay.com/itm/Halloween-Decoration-Prop-Party-Natural-Creepy-Cloth-Beige-Scary-Haunted-House/291565801387?epid=580885022&hash=item43e2ad0fab%3Ag%3Akk0AAOSwMmBV2QUO,126 ,291565801387,5.99
,,,,,,885638815444,5,http://www.ebay.com/itm/2-Pieces-Zombie-Arm-Halloween-Animated-Prop-Decoration-For-Haunted-House-Hot/182754885921?hash=item2a8d0a4121%3Ag%3AFtwAAOSwKUhZs09V,3 ,2,9.19
,,,,,,727371478053,11,http://www.ebay.com/itm/Halloween-Decor-Outdoor-Yard-Decoration-Prop-Graveyard-Lights-Spooky-Skull-Hand/222624940202?hash=item33d57b00aa%3Ag%3AUPUAAOSwmZFZobhj,14 ,222624940202,21.84
,,,,,,,15,http://www.ebay.com/itm/NEW-Halloween-Decoration-Black-Lace-Spiderweb-Fireplace-Mantle-Scarf-Cover-Party/172850545479?epid=0&hash=item283eb20347%3Ag%3ANlMAAOSw311ZrDKq,15 ,172850545479,12.99
,,,,,,3171993215881,16,http://www.ebay.com/itm/3-Ft-Halloween-Witch-Broom-Wooden-Outdoor-Yard-Home-Decor-Holiday-Decorations/122671670480?epid=2209699643&hash=item1c8fcd24d0%3Ag%3AF-UAAOSw1blZo-l-,16 ,3,20.85
,,,,,,Does not apply,2,http://www.ebay.com/itm/SET-OF-3-LIGHTED-WITCH-HAT-HANGING-TREE-OUTDOOR-HALLOWEEN-HOME-DECOR/132288830547?hash=item1ecd075c53%3Ag%3ARVIAAOSw8btZid5B,16 ,132288830547,13.75
,,,,,,,2,http://www.ebay.com/itm/8-ft-Halloween-sugar-skull-DAY-OF-THE-DEAD-DOOR-LIGHT-STRING-Party-Favor/112270086569?hash=item1a23d191a9%3Ag%3Ay7cAAOSwnHZYe8Vc,16 ,8,11.95
,,,,,,721773630569,1,http://www.ebay.com/itm/Group-of-Spooky-Witch-Halloween-Lawn-Props-Outdoor-Yard-Decoration-Scary-NEW/272403550988?epid=1502013914&hash=item3f6c84530c%3Ag%3AMfcAAOSwNRdX9mEB,16 ,272403550988,52.92
category,asin,description,ean,mpn,brand,upc,sold_items,url,sold,ebayID,price
,,,,,,,0,http://www.ebay.com/itm/Fireplace-Mantle-Scarf-Black-Lace-Spiderweb-Design-Halloween-Home-Party-Decor/253015849065,10 ,253015849065,12.23
,,,,,,,7,http://www.ebay.com/itm/Halloween-LED-Lantern-Spooky-Spiders-Creepy-House-Hanging-Outdoor-Decoration-NEW/112543646129,4 ,112543646129,18.82
,,,,,,Does not apply,1,http://www.ebay.com/itm/New-Halloween-Outdoor-Leaf-Decoration-Ghosts-Small-Large-Spider-free-shipping/121852768973,11 ,121852768973,6.90
,,,,,,Does not apply,0,http://www.ebay.com/itm/24-BLACK-WIDOW-Spider-Scary-Halloween-Decoration-Prop/231332457945,11 ,24,8.49
,,,,,,721773754333,0,http://www.ebay.com/itm/2-PACK-Giant-Skeleton-Window-Poster-Halloween-Haunted-House-Decor-30-x-48/351705728372,11 ,2,5.91
,,,,,,,8,http://www.ebay.com/itm/Halloween-Indoor-Outdoor-LED-Tree-4-Feet-Decorations/152695209288,12 ,152695209288,31.99
,,,,,,,21,http://www.ebay.com/itm/GIANT-20-FT-HANGING-PLASTIC-SPIDER-HALLOWEEN-PARTY-DECORATIONS-CEILING-PROP/371726214321,1 ,371726214321,5.25
,,,,,,Does not apply,6,http://www.ebay.com/itm/Animated-Halloween-Vulture-Prop-With-Sound-Motion-And-Light-Up-Eyes-Creepy-Rare/191959368468,1 ,191959368468,22.99
,,,,,,Does Not Apply,0,http://www.ebay.com/itm/Halloween-Decoration-Prop-Party-Natural-Creepy-Cloth-Beige-Scary-Haunted-House/291565801387,126 ,291565801387,5.99
,,,,,,885638815444,5,http://www.ebay.com/itm/2-Pieces-Zombie-Arm-Halloween-Animated-Prop-Decoration-For-Haunted-House-Hot/182754885921,3 ,2,9.19
,,,,,,727371478053,11,http://www.ebay.com/itm/Halloween-Decor-Outdoor-Yard-Decoration-Prop-Graveyard-Lights-Spooky-Skull-Hand/222624940202,14 ,222624940202,21.84
,,,,,,,15,http://www.ebay.com/itm/NEW-Halloween-Decoration-Black-Lace-Spiderweb-Fireplace-Mantle-Scarf-Cover-Party/172850545479,15 ,172850545479,12.99
,,,,,,3171993215881,16,http://www.ebay.com/itm/3-Ft-Halloween-Witch-Broom-Wooden-Outdoor-Yard-Home-Decor-Holiday-Decorations/122671670480,16 ,3,20.85
,,,,,,Does not apply,2,http://www.ebay.com/itm/SET-OF-3-LIGHTED-WITCH-HAT-HANGING-TREE-OUTDOOR-HALLOWEEN-HOME-DECOR/132288830547,16 ,132288830547,13.75
,,,,,,721773630569,1,http://www.ebay.com/itm/Group-of-Spooky-Witch-Halloween-Lawn-Props-Outdoor-Yard-Decoration-Scary-NEW/272403550988,16 ,272403550988,52.92
,,,,,,,2,http://www.ebay.com/itm/8-ft-Halloween-sugar-skull-DAY-OF-THE-DEAD-DOOR-LIGHT-STRING-Party-Favor/112270086569,16 ,8,11.95
,,,,,,Does not apply,0,http://www.ebay.com/itm/Halloween-String-Lights-Ghosts-Color-Changing-Fun-Decoration-Christmas-Light-NEW/290788417501,18 ,290788417501,9.99
,,,,,UNBRANDED,,,http://www.ebay.com/itm/LIFE-SIZE-CLIMBING-ZOMBIE-EASY-TO-HANG-INDOOR-OUTDOOR-HALLOWEEN-DECOR/232448943245,32 ,232448943245,26.97
,,,,,,086786632840,,http://www.ebay.com/itm/Halloween-Gemmy-6-ft-Pirate-Ship-with-Ghost-Lights-Up-Airblown-Inflatable-NIB/400622282942,20 ,400622282942,79.99
,,,0783719898846,,,,0,http://www.ebay.com/itm/4-ft-Large-Huge-Black-Creepy-Cloth-Spider-Halloween-New/311748992917,21 ,4,11.09
,,,,,,034689009092,0,http://www.ebay.com/itm/HALLOWEEN-Party-Prop-Decoration-Wall-INSTA-MURAL-Not-So-Spooky-WITCHS-BREW/141366146872,21 ,141366146872,8.49
,,,,,,034689158769,2,http://www.ebay.com/itm/HALLOWEEN-Party-Decoration-Fabric-FELT-STREAMER-Banner-TRICK-OR-TREAT-Spiderweb/141082537349,21 ,141082537349,6.95
,,,0812566022897,,,,5,http://www.ebay.com/itm/Skeleton-Halloween-Decoration-Scary-Grim-Reaper-Decor-Outdoor-Haunted-House-Prop/152272387607,22 ,152272387607,30.85
,,,,,,8157383137242,22,http://www.ebay.com/itm/Outdoor-Halloween-Tombstone-Decoration-Scary-Spooky-Haunted-House-Decor-4-Pack/332367752696,24 ,332367752696,not_set
,,,,,,Does not apply,0,http://www.ebay.com/itm/HALLOWEEN-FLAG-3X5-PUMPKINS-SPOOKY-3-X-5-NEW-HAUNTED-HOUSE-BLACK-CAT-BATS/310166197842,23 ,310166197842,8.45
,,,,,,034689009986,1,http://www.ebay.com/itm/HALLOWEEN-Party-Decoration-Wall-Banner-Mural-Photo-Prop-Wicked-FLYING-WITCH/130970276076,23 ,130970276076,6.57
,,,,,,,,http://www.ebay.com/itm/Halloween-3-Pc-Door-Banner-Set-Triple-Lighted-Rattan-Pumpkins-Porch-Decoration/253097316106,27 ,253097316106,27.47
,,,,,,Does not apply,7,http://www.ebay.com/itm/Fake-Bloody-Arm-Scary-Halloween-Party-Decor-Adult-Decoration-Horror-Props-Zombie/232088314084,24 ,232088314084,6.99
,,,,,,887600062443,0,http://www.ebay.com/itm/NEW-Giant-10ft-Black-SPIDERWEB-Halloween-Party-Decorations/221843667926,24 ,221843667926,15.99
,,,,,,876416050027,0,http://www.ebay.com/itm/HALLOWEEN-SCARY-RAT-MOUSE-PARTY-SEASONAL-PROP-DECOR-DECORATION/112083288136,24 ,112083288136,5.99
,,,,,,886102868263,0,http://www.ebay.com/itm/HALLOWEEN-Party-Decoration-Prop-ZOMBIE-Walking-Dead-Window-BACKDROP-Mural-Banner/141391121342,236 ,141391121342,9.49
,,,,,,,29,http://www.ebay.com/itm/INFLATABLE-PUMPKIN-REAPER-5-Ft-Life-Size-Light-Up-Outdoor-Halloween-Prop-Decor/122687363187,29 ,122687363187,37.55
,,,,,,887600062450,0,http://www.ebay.com/itm/HALLOWEEN-Party-Haunted-House-Decoration-Prop-Spooky-Fabric-HANGING-BATS/141351712338,297 ,141351712338,6.99
,,,,,Amscan,,29,http://www.ebay.com/itm/Indoor-Home-Halloween-Decoration-Spooky-Decor-Prop-Trick-Or-Treat-Scene-Wall-Kit/263175467607,29 ,263175467607,13.72
,,,,,,Does not apply,17,http://www.ebay.com/itm/3-PC-LIGHTED-EYES-REALISTIC-GARGOYLE-SET-OUTDOOR-LAWN-PORCH-HALLOWEEN-HOME-DECOR/142473087591,31 ,3,13.75
,,,,,,400001549438,1,http://www.ebay.com/itm/NEW-Day-of-the-Dead-Wreath-Halloween-Decor/272402552536,39 ,272402552536,19.95
,,,,,,Does not apply,5,http://www.ebay.com/itm/BLOODY-HALLOWEEN-LIGHT-UP-HAND-HAUNTED-HOUSE-FLICKERING-FINGERNAILS-PROP/192162764295,44 ,192162764295,8.49
,,,,,,,37,http://www.ebay.com/itm/Skeleton-Restroom-Door-Cover-Halloween-Prop-Accessory-Decoration-Indoor-Outdoor/322693400964,3 ,322693400964,7.76
,,,,,,Does not apply,,http://www.ebay.com/itm/Halloween-Deco-Mesh-BOO-Wreath-Ghost-Spider-Jack-O-Lantern-Pumpkin-Door-Decor/142088274441,45 ,142088274441,39.99
,,,,,,887600232860,0,http://www.ebay.com/itm/6-pc-Set-HALLOWEEN-Decor-Prop-Spooky-Sheer-Fabric-HANGING-GHOSTS-NEW/141893985472,46 ,6,6.99
,,,,,,,45,http://www.ebay.com/itm/2-GREY-SKELETON-BIRD-HALLOWEEN-PROP-SPOOKY-Posable-Home-Decor-FREE-SHIPPING/182755431897,48 ,2,9.99
,,,,,,0792713132542,19,http://www.ebay.com/itm/Halloween-Witches-Hats-SET-OF-3-Hanging-String-Light-Yard-Outdoor-Decoration/263127316269,48 ,263127316269,19.89
,,,,,,,,http://www.ebay.com/itm/Pumpkin-Strobe-Light-Effect-3-Fast-Flashing-LEDs-Jack-O-Lantern-Halloween/281392245801,47 ,281392245801,6.25
,,,,,,Does not apply,,http://www.ebay.com/itm/90-BIG-GIANT-Huge-Hairy-Spider-Haunted-Mansion-Decoration-Halloween-Decor/231595539848,34 ,90,19.54
,,,,,,,,http://www.ebay.com/itm/NEW-6-5-Acrylic-Cat-Pumpkin-or-Ghost-Halloween-Night-Light-2303400/302080891225,17 ,302080891225,9.99
,,,,,,886102287095,0,http://www.ebay.com/itm/HALLOWEEN-Haunted-House-Party-Decoration-Prop-Dangling-SPIDER-CEILING-COVER/131850361485,53 ,131850361485,6.69
,,,,,,6116620266154,,http://www.ebay.com/itm/30-Full-Body-Halloween-Skeleton-with-Movable-Joints-for-Halloween-Decoration/272796719693,56 ,30,15.99
,,,,,,034689001300,0,http://www.ebay.com/itm/New-Halloween-Jointed-Skeleton-Party-Haunted-House-Decoration-6-Feet-Tall-Props/222187544455,56 ,222187544455,12.19
,,,,,,889070140867,1,http://www.ebay.com/itm/HALLOWEEN-Party-Decoration-Prop-HAUNTED-STAIRWELL-Backdrop-Photo-Banner-3pc-set/131558566772,58 ,131558566772,19.95
,,,,,,887600038875,0,http://www.ebay.com/itm/3-pc-Set-HALLOWEEN-Party-Haunted-House-Decoration-Prop-Realistic-HAIRY-RATS/141713111164,56 ,3,15.99
,,,,,,721773352324,10,http://www.ebay.com/itm/Stay-Puft-Marshmallow-Man-Inflatable-Halloween-Yard-Decoration-Airblown-Outdoor/361533396086,59 ,361533396086,107.19
,,,,,,Does not apply,2,http://www.ebay.com/itm/6-BIG-Black-Widow-Plastic-Rubber-Spider-Haunted-House-Halloween-Decoration/282032691129,60 ,6,5.91
,,,,,,889070140874,3,http://www.ebay.com/itm/HALLOWEEN-Party-Decoration-Prop-HAUNTED-CEMETERY-Backdrop-Photo-Mural-Banner/131569387958,68 ,131569387958,19.99
,,,,,,886102084922,1,http://www.ebay.com/itm/HALLOWEEN-Decoration-Prop-CLAWING-ZOMBIE-GROUND-BREAKER-LED-Eyes-Sound/162121346165,68 ,162121346165,39.95
,,,,,,Does not apply,5,http://www.ebay.com/itm/6-Black-Widow-Spider-Fake-Halloween-Big-Large-Web-Decor-Prop-Plastic-Rubber-NEW/301980687749,76 ,6,7.99
,,,,,,034689015161,1,http://www.ebay.com/itm/4-HALLOWEEN-Haunted-House-Party-Decoration-Graveyard-TOMBSTONE-PAPER-Cutouts-15/141406986437,72 ,4,5.49
,,,,,,734573100774,0,http://www.ebay.com/itm/Doily-6-Round-Set-Of-4-Spider-Web-Heritage-Lace-Halloween-Black/361070004089,73 ,361070004089,7.90
,,,,,,Does not apply,,http://www.ebay.com/itm/HALLOWEEN-LIGHT-UP-DOUBLE-SIDED-FRAME-FLYING-WITCH-SCULPTURE-WINDOW-DECORATION/172304136453,73 ,172304136453,6.99
,,,,,,0742834460321,21,http://www.ebay.com/itm/Halloween-Hanging-Witch-Prop-Talking-Animated-6ft-Scary-Decoration-Spooky-Decor/252980408056,97 ,252980408056,56.95
